Workbook

Sheet danh-muc-linh-kien
A1: ma_linh_kien | B1: ten_thiet_bi | C1: don_gia | D1: loai_storage
A2: CPU-001 | B2: CPU ARM Cortex-A53 | C2: 18.5 | D2: SSD
A3: RAM-002 | B3: RAM DDR4 8GB | C3: 12 | D3: HDD
A4: SSD-003 | B4: SSD SATA 256GB | C4: 24.9 | D4: SSD
A5: SSD-004 | B5: SSD NVMe 512GB | C5: 39.9 | D5: SSD
A6: HDD-005 | B6: HDD 1TB | C6: 31.5 | D6: HDD
A7: CPU-006 | B7: CPU ARM Cortex-A72 | C7: 26 | D7: SSD
A8: RAM-007 | B8: RAM DDR4 16GB | C8: 21 | D8: HDD
A9: SSD-008 | B9: SSD SATA 128GB | C9: 17.5 | D9: SSD
A10: NET-009 | B10: Module gateway IoT | C10: 14.75 | D10: SSD
A11: PWR-010 | B11: Nguon DC 12V | C11: 8.9 | D11: HDD

Sheet trang-thai-tram
A1: ma_tram | B1: ma_linh_kien | C1: dung_luong_ram | D1: ngay_lap_dat | E1: ten_thiet_bi
A2: ST-001 | B2: CPU-001 | C2: 8 | D2: 45665 | E2: =IFERROR(VLOOKUP(TRIM(B2),'danh-muc-linh-kien'!$A$2:$D$11,2,FALSE),"KHONG_TIM_THAY_MA")
A3: ST-002 | B3: RAM-002 | C3: 16 | D3: 45672 | E3: =IFERROR(VLOOKUP(TRIM(B3),'danh-muc-linh-kien'!$A$2:$D$11,2,FALSE),"KHONG_TIM_THAY_MA")
A4: ST-003 | B4: SSD-003 | C4: 4 | D4: 45679 | E4: =IFERROR(VLOOKUP(TRIM(B4),'danh-muc-linh-kien'!$A$2:$D$11,2,FALSE),"KHONG_TIM_THAY_MA")
A5: ST-004 | B5: SSD-004 | C5: 8 | D5: 45686 | E5: =IFERROR(VLOOKUP(TRIM(B5),'danh-muc-linh-kien'!$A$2:$D$11,2,FALSE),"KHONG_TIM_THAY_MA")
A6: ST-005 | B6: HDD-005 | C6: 16 | D6: 45693 | E6: =IFERROR(VLOOKUP(TRIM(B6),'danh-muc-linh-kien'!$A$2:$D$11,2,FALSE),"KHONG_TIM_THAY_MA")
A7: ST-006 | B7: CPU-006 | C7: 4 | D7: 45700 | E7: =IFERROR(VLOOKUP(TRIM(B7),'danh-muc-linh-kien'!$A$2:$D$11,2,FALSE),"KHONG_TIM_THAY_MA")
A8: ST-007 | B8: RAM-007 | C8: 8 | D8: 45707 | E8: =IFERROR(VLOOKUP(TRIM(B8),'danh-muc-linh-kien'!$A$2:$D$11,2,FALSE),"KHONG_TIM_THAY_MA")
A9: ST-008 | B9: SSD-008 | C9: 16 | D9: 45714 | E9: =IFERROR(VLOOKUP(TRIM(B9),'danh-muc-linh-kien'!$A$2:$D$11,2,FALSE),"KHONG_TIM_THAY_MA")
A10: ST-009 | B10: NET-009 | C10: 4 | D10: 45721 | E10: =IFERROR(VLOOKUP(TRIM(B10),'danh-muc-linh-kien'!$A$2:$D$11,2,FALSE),"KHONG_TIM_THAY_MA")
A11: ST-010 | B11: PWR-010 | C11: 8 | D11: 45728 | E11: =IFERROR(VLOOKUP(TRIM(B11),'danh-muc-linh-kien'!$A$2:$D$11,2,FALSE),"KHONG_TIM_THAY_MA")
A12: ST-011 | B12: CPU-001 | C12: 16 | D12: 45735 | E12: =IFERROR(VLOOKUP(TRIM(B12),'danh-muc-linh-kien'!$A$2:$D$11,2,FALSE),"KHONG_TIM_THAY_MA")
A13: ST-012 | B13: RAM-002 | C13: 4 | D13: 45742 | E13: =IFERROR(VLOOKUP(TRIM(B13),'danh-muc-linh-kien'!$A$2:$D$11,2,FALSE),"KHONG_TIM_THAY_MA")
... A101: ST-100 | B101: PWR-010 | C101: 8 | D101: 45758 | E101: =IFERROR(VLOOKUP(TRIM(B101),'danh-muc-linh-kien'!$A$2:$D$11,2,FALSE),"KHONG_TIM_THAY_MA")
